{"cameraMode":{"drawMode":0,"name":"Shaded","section":"Shading Mode"},"sceneLighting":true,"audioPlay":false,"sceneViewState":{"m_AlwaysRefresh":false,"showFog":true,"showSkybox":true,"showFlares":true,"showImageEffects":true,"showParticleSystems":true,"showVisualEffectGraphs":true,"m_FxEnabled":true},"in2DMode":false,"pivot":{"x":4.915203094482422,"y":3.8329896926879885,"z":1.4725672006607056},"rotation":{"x":0.2999894320964813,"y":0.1464100480079651,"z":-0.04637935757637024,"w":0.9415698647499085},"size":17.934675216674806,"orthographic":true}